agrn,notifier,substance,intended_use,species,filed,outcome
1,"Resonant Biosciences, Inc.",Chlorine dioxide,"To be used as a processing aid, with a maximum application rate of 55 ppm per batch, in the production of non-food grade ethanol, food grade ethanol, and distillers grains for animal feed use for food-producing animals.",Food-producing animals.,12/21/2010,rejected
2,"Lallemand Specialties Inc., doing business as Lallemand Ethanol Technology",Penicillin G potassium,"To control the levels of contaminants and their by-products in the production of non-food grade and food grade ethanol and distillers grain for target animal feed use at a level not to exceed 6 ppm of commercial product or 2.7 ppm of penicillin G potassium, in the fermentor.","Beef cattle, dairy cows, broiler chickens, egg-laying chickens, swine, and sheep. Pets including dogs, cats, rabbits, guinea pigs and horses.",12/23/2010,withdrawn
3,Hill’s Pet Nutrition Inc.,alpha-Lipoic acid,To be used as an ingredient in dry foods for adult dogs at levels up to 150 ppm (150 mg/kg food or 0.0150%) as a cellular antioxidant and cofactor of enzymes involved in the metabolism of carbohydrates and amino acids.,"Adult dogs (i.e., at least 1 year old).",2/8/2011,rejected
4,"Lallemand Specialties Inc., doing business as Lallemand Ethanol Technology",Virginiamycin,To be used as a processing aid in the production of non-food grade and food grade ethanol at a level not to exceed 6 ppm of commercial product (3 ppm virginiamycin) in the fermentor.,"Beef cattle, dairy cows, broiler chickens, egg-laying chickens, swine, and sheep. Pets including dogs, cats, rabbits, guinea pigs and horses.",3/16/2011,withdrawn
5,Emerald Carolina Chemicals LLC,Hydrophobic silica,"As a defoaming component of a defoamer used in the removal of oil from condensed distillers solubles, at levels up to 20 ppm.","Beef cattle, dairy cattle, poultry (turkey, broiler chickens, and egg laying hens), sheep, goats, and swine.",5/12/2011,no questions
6,Emerald Carolina Chemicals LLC,Polyethylene glycol (400) dioleate,"As an emulsifier component of a defoamer used in the removal of oil from condensed distillers, at levels up to 64 ppm.","Beef cattle, dairy cattle, poultry (turkey, broiler chickens, and egg laying hens), sheep, goats, and swine.",5/12/2011,no questions
7,Emerald Carolina Chemicals LLC,Polyoxyethylene (20) sorbitan monostearate (polysorbate 60),"As an emulsifier component of a defoamer used in the removal of oil from condensed distillers solubles, at levels up to 20 ppm.","Beef cattle, dairy cattle, poultry (turkey, broiler chickens, and egg laying hens), sheep, goats, and swine.",5/12/2011,no questions
8,Rubinum S.A. Animal Health,Bacillus cereus variant toyoi,To be used as an animal feed ingredient to help maintain the animal's gut microflora.,"Swine, cattle, broiler chickens, turkeys, and rabbits.",6/10/2011,rejected
9,"Vitamin Derivatives, Inc.",1-alpha-Hydroxycholecalciferol,To be used as a dietary source of vitamin D up to 5 micrograms per kilogram in the finished feed.,Broiler chickens.,7/13/2011,rejected
10,Gevo,Inactivated modified Saccharomyces cerevisiae,As a component of animal feed when used in the fermentation and distillation of corn to produce isobutanol.,"Beef cattle, dairy cows, broiler chickens, egg-laying chickens, swine, sheep, dogs, cats, rabbits, guinea pigs and horses.",8/25/2011,rejected
11,"Lallemand Specialties Inc., doing business as Lallemand Ethanol Technology",Penicillin G potassium,"To control the levels of contaminants and their byproducts in the production of food grade and no-food grade ethanol and distillers grain for target animal feed use at a level not to exceed 6 ppm of commercial product, or 3.0 ppm of Penicillin G in the fermentor.","Beef cattle, dairy cows, broiler chickens, egg-laying chickens, swine and sheep. Pets including dogs, cats, rabbits, guinea pigs and horses.",9/15/2011,withdrawn
12,"Lallemand Specialties Inc., doing business as Lallemand Ethanol Technology",Virginiamycin,To be used as a processing aid in the production of food and non-food grade ethanol at a level not to exceed 6 ppm of commercial product (3 ppm Virginiamycin) in the fermentor.,"Beef cattle, dairy cows, broiler chickens, egg-laying chickens, swine, and sheep. Pets including dogs, cats, rabbits, guinea pigs and horses.",9/15/2011,withdrawn
13,Gevo,Isobutanol distillers grain,To be used as a component of animal feed.,"Beef cattle, dairy cows, broiler chickens, egg-laying chickens, swine and sheep. Pets include: dogs, cats, rabbits, guinea pigs, and horses.",9/29/2011,withdrawn
14,DSM Nutritional Products,Phytase enzyme produced by an Aspergillus oryzae strain expressing a synthetic gene coding for a 6-phytase from Citrobacter braakii,To increase the digestibility of phytin-bound phosphorous or to increase phosphorous availability from phytate in poultry diets when fed at the rate of 250-4000 FYT/kg feed.,"Poultry (turkey, broiler chickens, and egg laying hens)",11/14/2012,no questions
15,DSM Nutritional Products,Phytase enzyme produced by an Aspergillus oryzae strain expressing a synthetic gene coding for a 6-phytase from Citrobacter braakii,To increase the digestibility of phytin-bound phosphorous or to increase phosphorous availability from phytate in swine diets when fed at the rate of 500-4000 FYT/kg feed.,Swine,8/8/2013,no questions
16,Metabolic Explorer,L-methionine 85% produced by a bioengineered Escherichia coli K-12,Nutrient at levels up to 0.3% in animal feed,All animals,1/3/2014,no questions
17,DSM Nutritional Products,Canthaxanthin,To be used in breeder hen diets at the rate of 6 mg /kg of feed as a nutritive antioxidant to support the development of chicks.,Breeder hens used for hatching egg production.,7/22/2014,no questions
18,"DSM Innovation, Inc. BioProducts & Services Division",Inactivated modified Saccharomyces cerevisiae,As a component of animal feed when used in the fermentation of corn to produce ethanol.,"Poultry (broilers, layers, breeding chickens and turkeys), swine (piglets, growers, finishers, gestating and lactating sows), bovines (beef and dairy), fish (salmonoids, catfish, and tilapia), minor species (ducks, quail, sheep and goats) and pets.",12/22/2014,withdrawn
19,Freedom Health L.L.C.,L-Glutamine,"Utility information not evaluated for GRAS, see FDA’s letter for more information.",Post-weaning horses.,3/22/2016,no questions
20,"DSM Innovation, Inc. BioProducts & Services Division",Inactivated modified Saccharomyces cerevisiae,As a component of animal feed when used in the fermentation of corn to produce ethanol.,"Pets, poultry (broilers, layers and breeding chickens; turkeys), swine (piglets, growers, finishers, gestating and lactating sows), bovine (beef and dairy), fish (salmonoids, catfish, tilapia), and minor species such as ducks, quail, sheep, and goats.",4/29/2016,no questions
21,"Agrivida, Inc.",Ground grain obtained from a corn ( Zea mays ) variety that expresses an altered appA 6-phytase gene obtained from Escherichia coli strain K12 (transformation event PY203),To increase the digestibility of phytin-bound phosphorous or to increase phosphorous availability from phytate in poultry feeds when used at a rate of 75 g to 1.7 kg per ton of complete feed and providing 250-6000 phytase units (FTU)/kg complete feed.,Poultry,7/28/2016,no questions
22,"Royal Canin U.S., Inc.",Marigold extract,To be used in food and treats for dogs and cats at a level sufficient to provide no more than 5 mg lutein per 1000 kcal metabolizable energy (ME) as a nutritive antioxidant.,Dogs and cats,8/3/2016,rejected
23,Aker BioMarine Antarctic,Euphausia superba (krill) meal,To be used as a source of protein and lipid in food for adult dogs at a maximum inclusion level of 3% by weight of dry food.,Adult dogs,01/06/2017,withdrawn
24,CJ CheilJedang Corporation,L-methionine 90% produced by a bioengineered Escherichia coli K-12,To be used as a nutrient in animal food.,All animals,8/17/2017,no questions
25,"G-Science, Inc.",clinoptilolite of sedimentary origin,To be used as an anticaking agent at levels up to 2% by weight in the complete diet.,"Cattle, swine, goats, sheep, poultry, cats, and dogs.",8/21/2017,withdrawn
26,"KnipBio, Inc.",Dried Methylobacterium extorquens biomass,To be used as a source of protein in food for finfish species at a level up to 10% of the diet.,Finfish species.,2/7/2018,no questions
27,"Agrivida, Inc.",Ground grain obtained from a corn ( Zea mays ) variety that expresses an altered appA 6-phytase gene obtained from Escherichia coli strain K12 (transformation event PY203),To increase the digestibility of phytin-bound phosphorous or to increase phosphorous availability from phytate in swine feeds when used to provide 500-4500 phytase activity units (FTU)/kg complete feed.,Swine,9/6/2018,no questions
28,CJ CheilJedang Corporation,L-Threonine Fermentation Product (75%) produced by a bioengineered Corynebacterium glutamicum,To be used as a source of the nutrient L-threonine in the diets of livestock and poultry.,Livestock and poultry.,11/6/2018,withdrawn
29,"G-Science, Inc.",clinoptilolite of sedimentary origin,To be used as an anti-caking agent at levels up to 1% by weight in the complete diet.,"Cattle, swine, goats, sheep, broiler chickens, turkeys for meat, cats and dogs.",12/11/2018,no questions
30,Aker BioMarine Antarctic,Euphausia superba (krill) meal,To be used as a source of protein and lipid in food for adult dogs at a maximum inclusion level of 3% by weight of dry food.,Adult dogs,2/19/2019,no questions
31,"Agrivida, Inc.",Ground grain obtained from a corn ( Zea mays ) variety that expresses an altered AC1 beta-glucanase gene obtained from an environmental DNA library (transformation event FG259),To decrease the viscosity of digesta in poultry consuming feed containing high amounts of soluble non-starch polysaccharides when used to provide 200 – 500 beta-glucanase activity units per kg of complete feed.,Poultry,7/15/2019,no questions
32,"Agrivida, Inc.",Ground grain obtained from a corn ( Zea mays ) variety that expresses an altered appA 6-phytase gene obtained from Escherichia coli strain K12 (transformation event PY1203),"To increase the digestibility of phytin-bound phosphorous or to increase phosphorous availability from phytate in swine feeds when used to provide 500-4500 phytase activity units (FTU)/kg complete feed, or poultry feeds when used to provide 250-6000 FTU/kg complete feed.",Swine and poultry,7/24/2019,no questions
33,"KnipBio, Inc.",Dried Methylobacterium extorquens biomass,To be used as a source of protein in food for aquaculture crustacean species at a level up to 6% of the diet.,Crustacean species,9/20/2019,no questions
34,C J CheilJedang Corporation,Dried L-Threonine Fermentation Product (≥75% L-threonine) produced by bioengineered Corynebacterium glutamicum KCCM80178.,To be used as a source of the nutrient L-threonine in food for livestock and poultry.,Livestock and poultry,11/26/2019,no questions
35,C J CheilJedang Corporation,Dried L-Valine Fermentation Product (≥72% L-valine) produced by bioengineered Corynebacterium glutamicum KCCM80058,To be used as a source of the nutrient L-valine in food for livestock and poultry.,Livestock and poultry,12/18/2019,withdrawn
36,Veramaris USA LLC,Marine microalgae oil from Schizochytrium sp.,"To be used as a source of long chain polyunsaturated fatty acids (PUFAs), docosahexaenoic acid (DHA) and eicosapentaenoic acid (EPA) in canned and dry/extruded dog foods.",Dogs,1/2/2020,no questions
37,Veramaris USA LLC,Marine microalgae oil from Schizochytrium sp.,"To be used as a source of long chain polyunsaturated fatty acids (PUFAs), docosahexaenoic acid (DHA) and eicosapentaenoic acid (EPA) in canned and dry/extruded cat foods.",Cats,6/29/2020,no questions
38,"Native Microbials, Inc. (formerly known as Ascus Biosciences)",Pichia kudriavzevii ASCUSDY21,To be used as a viable microorganism in diets of dairy cattle at an intended use rate 1x10 8 colony forming units (CFU)/cow/day.,Dairy Cattle,7/13/2020,withdrawn
39,BASF Enzymes LLC,Phytase enzyme produced by Pseudomonas fluorescens strain BD50104 expressing an altered appA 6-phytase gene from Escherichia coli strain K12,To increase the availability of phytin-bound phosphorus in poultry diets at 250-2000 U/kg in complete feed.,Poultry,7/14/2020,withdrawn
40,"Calysta, Inc.",Dried Methylococcus capsulatus Product,To be used as a source of protein in food for salmonid species at a level up to 18% of the diet.,Salmonid species,8/13/2020,withdrawn
41,"Native Microbials, Inc. (formerly known as Ascus Biosciences)",Clostridium beijerinckii ASCUSDY20,To be used as a viable microorganism in diets of dairy cattle at an intended use rate 1x10 7 colony forming units (CFU)/cow/day.,Dairy cattle,8/18/2020,withdrawn
42,"Native Microbials, Inc.",Butyrivibrio fibrisolvens ASCUSDY19,"Utility information not evaluated for GRAS, see FDA’s letter for more information.",Dairy cattle,2/12/2021,no questions
43,Danisco US Inc.,"Phytase from Trichoderma reesei , expressed as a variant of consensus bacterial phytase",To be used to increase phosphate availability at a use rate not to exceed 4000 FTU/kg.,Swine and poultry,2/18/2021,withdrawn
44,"BioResource International, Inc.",Xylanase enzyme prepared from Komagataella phaffii expressing the gene encoding xylanase from Orpinomyces sp .,"Utility information not evaluated for GRAS, see FDA’s letter for more information.",Swine and poultry,2/25/2021,no questions
45,"Native Microbials, Inc.",Dried fat encapsulated Succinivibrio dextrinosolvens strain ASCUSBF53 (NRRL B-67550),To be used as a viable microorganism in diets of beef cattle at an intended use rate of 1x10 8 colony forming units (CFU)/head/day.,Beef cattle,3/16/2021,no questions
46,Agromed Austria GmbH,Wood-based lignocellulose,"To be used as a source of dietary fiber in complete feed at a use rate up to 2% for pigs, piglets, broilers, laying hens, and turkeys and 4% for sows.",Swine and poultry,4/9/2021,withdrawn
47,IRP Health Pty Ltd,Berberine,To be used as preservative in broiler chicken feed at a maximum concentration of 0.03 g/kg.,Poultry,4/15/2021,withdrawn
48,CJ CheilJedang Corporation,Dried L-Valine Fermentation Product (≥72% L-valine) produced by bioengineered Corynebacterium glutamicum KCCM80240,To be used as a source of L-Valine in livestock and poultry feed.,Livestock and poultry,5/14/2021,no questions
49,"Native Microbials, Inc.",Clostridium beijerinckii ASCUSBR67,To be used as a viable microorganism in diets of poultry at an intended use rate of 1x10 4 colony forming units (CFU)/bird/day.,Poultry,10/01/2021,withdrawn
50,"Agrivida, Inc.",Ground grain obtained from a corn (Zea mays) variety that expresses an altered AC1 beta-glucanase gene obtained from an environmental DNA library (transformation event FG259),"Utility information not evaluated for GRAS, see FDA’s letter for more information.",Swine,10/25/2021,no questions
51,Protekta Inc.,synthetic sodium aluminosilicate,To be used to maintain calcium balance in periparturient dairy cows fed at a level of 400 g synthetic sodium aluminosilicate/head/day for at least 14 days and no more than 28 days.,Dairy cattle,10/28/2021,withdrawn
52,Jiminy’s LLC,Crickets,As a source of protein in complete food or treats for adult dogs.,Dogs,11/15/2021,withdrawn
53,"Native Microbials, Inc.",Ruminococcus bovis ASCUSDY10,For use as a viable microorganism in dairy cattle feed at an intended use rate of 1X10 8 colony forming units (CFU)/cow/day.,Dairy cattle,11/23/2021,withdrawn
54,CJ CheilJedang Corp.,Dried L-Tryptophan Fermentation Product,To be used as a source of L-Tryptophan in livestock and poultry feed.,Livestock and poultry,12/28/2021,withdrawn
55,BASF Enzymes LLC,Phytase enzyme produced by Pseudomonas fluorescens strain BD50104 expressing an altered appA 6-phytase gene from Escherichia coli strain K12,"To increase the availability of phytin-bound phosphorus in broiler diets at 500-2,000 U/kg in complete feed.",Broiler chickens,1/20/2022,no questions
56,"Phileo, Division of S.I.Lesaffre",Purified yeast cell wall,"To be used as a source of fermentable fiber, especially beta-glucans, in food for all animals at a use level depending on the animal species and life stage.",All animals,3/8/2022,withdrawn
57,BASF Corporation,Mannanase 19287 enzyme produced by T Thermophilus strain DSM33149,For use in reducing the viscosity of intestinal digesta at 800 Thermostable Mannanase units /kg of feed,Poultry,4/29/2022,withdrawn
58,Hill’s Pet Nutrition Inc.,Alpha-Lipoic Acid,"Utility information not evaluated for GRAS, see FDA’s letter for more information.",Adult dogs (non-gestating and non-lactating),5/2/2022,no questions
59,Gnubiotics Sciences SA,Porcine oligosaccharides-peptides complex,"Utility information not evaluated for GRAS, see FDA’s letter for more information.",Cats and dogs,5/11/2022,no questions
60,"Calysta, Inc.",Dried Methylococcus capsulatus Product,To be used as a source of protein in food for salmonid species at a level up to 18% of the diet.,Salmonid species,6/2/2022,no questions
61,BASF Enzymes LLC,Phytase enzyme produced by Pseudomonas fluorescens strain BD50104 expressing an altered appA 6-phytase gene from Escherichia coli strain K12,"To increase the availability of phytin-bound phosphorus in swine diets at 500-2,000 U/kg in complete feed.",Swine,2/10/2023,no questions
62,Corbion (Purac Biochem BV),Sodium salts of Lauric and Myristic Acids,"Utility information not evaluated for GRAS, see FDA’s letter for more information.",All animals,8/22/2023,no questions
63,"Phileo, Division of S.I. Lesaffre",purified yeast cell wall,"Utility information not evaluated for GRAS, see FDA’s letter for more information.",All animals,10/4/2023,no questions
64,CJ CheilJedang Corporation,Dried L-Tryptophan Fermentation Product,For use as a source of L-tryptophan in swine feed.,Swine,11/30/2023,no questions
65,"Proteon Pharmaceuticals, S.A.",Bacteriophage preparation,To reduce the presence of Salmonella species in poultry feed at 2 X 10 5 PFU/g of poultry food.,Poultry,12/30/2023,withdrawn
66,"DSM Nutritional Products, LLC",Condensed Algal Residue Solubles derived from the fermentation of microalgae Schizochytrium sp.,"As a source of protein, carbohydrates, minerals and fats at 5 % of dry matter intake.",Beef cattle,4/15/2024,withdrawn
67,BASF Corporation,Beta-mannanase from a Thermothelomyces thermophilus strain expressing an altered man1 gene from Trichoderma reesei .,"Utility information not evaluated for GRAS, see FDA’s letter for more information.",Poultry,4/15/2024,no questions
68,"Native Microbials, Inc.",Dried Fat Encapsulated Ruminococcus bovis Strain ASCUSDY10 (NRRL B-67764),"Utility information not evaluated for GRAS, see FDA’s letter for more information.",Dairy cattle,4/26/2024,no questions
69,"Avivagen, Inc.",Oxidized beta-Carotene,"Utility information not evaluated for GRAS, see FDA’s letter for more information.","Poultry (except laying hens), swine, and dairy cattle",5/16/2024,no questions
70,AB Enzymes GmbH,Serine Endopeptidase,To be used as a processing aid to hydrolyze vegetable and animal proteins used as ingredients in animal food.,All animals,6/27/2024,withdrawn
71,"Alura, Inc.",Beta-glucans from Ganoderma lucidum mycelium,To be used as a source of beta-glucans.,All animals,7/11/2024,withdrawn
72,"Protekta, Inc.",synthetic sodium aluminosilicate,To be used to maintain calcium balance in periparturient dairy cows fed at a level of 400 grams synthetic sodium aluminosilicate/head/day for up to14 days.,Dairy cattle,8/19/2024,no questions
73,"Rayonier Advanced Materials, Inc.",Xylooligosaccharides,"Utility information not evaluated for GRAS, see FDA’s letter for more information.","swine, poultry and fish",10/2/2024,no questions
74,"Intralytix, Inc.",Lytic Bacteriophage Preparation,To be used as a processing aid to help control Salmonella enterica in pet food and ingredients for use in pet food at a use level up to 1x10 8 plaque-forming units/gram (PFU/g).,Pets,1/17/2025,no questions
75,Royal Canin U.S. Inc.,Tagetes (Aztec marigold) extract,"Utility information not evaluated for GRAS, see FDA’s letter for more information.",Dogs and cats,2/13/2025,no questions
76,"DSM Nutritional Products, LLC",Condensed Algal Residue Solubles (CARS),"To be used as a nutritional ingredient that provides energy in the form of protein, fat and carbohydrates",Beef cattle,4/30/2025,no questions
77,"Kemin Industries, Inc.",Olive Extract,To be used as component of a formulated palatant,Dogs and cats,5/20/2025,no questions
78,CJ CheilJedang Corporation,Dried L-Arginine Fermentation Product,To be used as a source of L-arginine,poultry and swine,5/13/2025,withdrawn
79,"Bond Pet Foods, Inc.",Dried Saccharomyces cerevisiae expressing an ovine protein,To be used as a source of protein in adult maintenance diets for dogs at a maximum level of 15% of the diet.,Adult dogs,5/21/2025,no questions
80,"EnviroFlight, LLC",Black Soldier Fly Larvae Oil,To be used as source of energy,Dogs and cats,6/20/2025,no questions
81,CJ CheilJedang Corp.,Dried L-Isoleucine Fermentation Product,To be used as a source of L-isoleucine in swine and poultry feed.,Swine and poultry,6/13/2025,withdrawn
82,BASF Corporation,Beta-mannanase from a Thermothelomyces thermophilus strain expressing an altered man1 gene from Trichoderma reesei,"Utility information not evaluated for GRAS, see FDA’s letter for more information.",Swine,7/15/2025,no questions
83,AB Enzymes GmbH,Serine-endopeptidase,To hydrolyze vegetables and animal proteins in food for all animals.,All animals,7/30/2025,withdrawn
84,"Kerry, Incorporated",Yeast Beta-Glucan,"Utility information not evaluated for GRAS, see FDA’s letter for more information.",Dogs and cats,9/3/2025,no questions
85,"Enviroflight, LLC",Dried Black Soldier Fly Larvae,To be used as a source of protein and fat,Dogs and cats,9/18/2025,no questions
86,"Calysta, Inc.",Dried Methylococcus capsulatus Product,To be used as a source of protein in food for dogs,Dogs,12/01/2025,withdrawn
87,Anitox Corporation,Nonanoic acid,To be used as a flavoring agent in swine and poultry feeds,Swine and poultry,12/04/2025,pending
88,Zinpro Corporation,Calcium isoacids,To be used as a source of energy in dairy cattle feed,Dairy cattle,12/09/2025,pending
89,Redbarn Pet Products,Hydroxypropyl cellulose,To be used as a film coating on dry food and treats for dogs,Dogs,1/5/2026,pending
90,"NexGen Innovations, LLC",Ligilactobacillus salivarius L28,To be used as a direct-fed microorganism in beef and dairy cattle,Beef and dairy cattle,1/9/2026,pending
91,Corbion,Marine Microalgae Oil from Schizochytrium sp.,To be used as a source of docosahexanoic acid in food for cats and dogs,Cats and dogs,5/5/2026,pending
92,"Terragen Biotech, Pty Ltd","Lacticaseibacillus paracasei , strain NMI V12/022849",To be used as a direct-fed microbial,Ruminants,5/12/2026,pending
93,Akeso Biomedical Inc,Ferric Citrate Chelate,To be used as a source of iron,Poultry and swine complete feed,6/29/2026,pending
94,"Bond Pet Foods, Inc.",Dried Saccharomyces cerevisiae expressing a galline protein,To be used as a source of protein,Adult dogs,7/24/2026,pending
